FirstName,LastName,AccountName,Email,Phone
John,Doe,johndoe,johndoe@example.com,5555555555
Jane,Smith,janesmith,janesmith@example.com,5555555556
Michael,Johnson,michaeljohnson,michaeljohnson@example.com,5555555557
Emily,Williams,emilywilliams,emilywilliams@example.com,5555555558
William,Brown,williambrown,williambrown@example.com,5555555559
Olivia,Jones,oliviajones,oliviajones@example.com,5555555560
James,Davis,jamesdavis,jamesdavis@example.com,5555555561
Sophia,Miller,sophiamiller,sophiamiller@example.com,5555555562
Benjamin,Anderson,benjaminanderson,benjaminanderson@example.com,5555555563
Ava,Thomas,avathomas,avathomas@example.com,5555555564
Liam,Hall,liamhall,liamhall@example.com,5555555565
Charlotte,Young,charlotteyoung,charlotteyoung@example.com,5555555566
Mason,Clark,masonclark,masonclark@example.com,5555555567
